Date,Total_Volume_USD,Avg_Trade_Size_USD,Trade_Count,Total_PnL,Avg_PnL,PnL_Volatility,Total_Fees,Buy_Ratio,Avg_Price,Price_Volatility,Net_PnL,Win_Rate,ROI_Percent,Classification,Sentiment_Score,Sentiment_Lag_1,Sentiment_Lag_3,Sentiment_Lag_7,PnL_MA_3,Volume_MA_3,Volatility_3,PnL_MA_7,Volume_MA_7,Volatility_7,PnL_MA_14,Volume_MA_14,Volatility_14,Profitable_Day,High_Volume_Day
2024-10-16,80229.17,7293.560909090909,11,219.480876,19.95280690909091,35.58157491300189,28.080204000000002,0.7272727272727273,67576.54545454546,451.4663583560504,191.400672,True,0.23856743376505077,Greed,4,4.0,4.0,4.0,1101.108844,74439.51666666668,849.1815947824214,1818.6012455714285,175994.69999999998,3192.9791017568577,1751.4887735714287,224685.9957142857,2827.6209832139994,1,0
2024-10-17,140531.75,15614.638888888889,9,36.11496,4.0127733333333335,12.830443659406326,49.186107,0.7777777777777778,67400.11111111111,433.80423131997185,-13.071146999999996,True,-0.009301205599446387,Greed,4,4.0,4.0,2.0,475.2739706666667,100644.76000000001,608.7894433365809,1823.7605255714286,153210.0442857143,3189.5781802144734,1746.898714857143,225228.57142857142,2830.5580282892033,1,0
2024-10-18,120331.43000000001,20055.238333333335,6,333.219141,55.536523499999994,51.489580908627175,42.115998,0.16666666666666666,67397.0,518.7022267158665,291.103143,True,0.24191779570807062,Greed,4,4.0,4.0,2.0,196.271659,113697.45000000001,149.90571839407812,602.0307632857142,100556.79285714286,700.9605708633622,1770.7000820714288,233823.64928571432,2816.1029744625084,1,0
2024-10-19,99996.86,24999.215,4,0.0,0.0,0.0,34.998901000000004,1.0,68391.25,218.24355660591678,-34.998901000000004,False,-0.035,Greed,4,4.0,4.0,4.0,123.11136700000002,120286.68000000001,182.85248181358193,524.6658047142857,92025.85857142857,737.6720884702762,1358.7599469285717,197708.72928571427,2600.0534587602474,0,0
2024-10-20,176447.86000000002,1837.9985416666668,96,389.155797,4.05370621875,13.65197281145091,59.257459,0.07291666666666667,4280.33074875,16659.46440479153,329.898338,True,0.18696647156842822,Greed,4,4.0,4.0,4.0,240.791646,132258.71666666667,210.39888297865852,580.25949,108660.92142857144,705.503934704041,1377.2362839285713,188874.2507142857,2591.558969014133,1,0
2024-10-21,324117.99,1873.5143930635838,173,2464.915564,14.248066843930635,40.07987913321128,109.858043,0.45664739884393063,4316.762150867052,16608.369507399624,2355.0575209999997,True,0.726604999926107,Greed,4,4.0,4.0,4.0,951.3571203333332,200187.56999999998,1325.1433621992312,659.0160591428572,146118.3457142857,886.6675456144309,1553.3016813571428,196312.34642857144,2574.4692158628695,1,0
2024-10-22,60000.36,20000.12,3,0.0,0.0,0.0,21.000124,1.0,67047.0,0.0,-21.000124,False,-0.03499999666668666,Greed,4,4.0,4.0,4.0,951.3571203333332,186855.40333333335,1325.1433621992312,491.8409054285715,143093.63142857145,884.5346968333923,1167.834064357143,169556.36285714287,2348.8886571591106,0,0
2024-10-23,210006.07,11667.003888888888,18,-46.489941,-2.5827745,6.37713910085234,73.502111,0.8333333333333334,30954.322222222225,32649.05796335893,-119.992052,False,-0.05713742083740723,Greed,4,4.0,4.0,4.0,806.1418743333334,198041.4733333333,1436.7282080481789,453.8450744285715,161633.1885714286,903.6891161405521,1136.22316,168813.94428571427,2363.0094127335456,0,0
2024-10-25,427883.18,14262.772666666666,30,13235.862071,441.19540236666666,1366.4039341402422,143.841914,0.4666666666666667,56633.085333333336,25762.005032284604,13092.020156999999,True,3.0597183457877453,Greed,4,4.0,4.0,4.0,4396.457376666666,232629.87,7655.184311386969,2339.523233142857,202683.39285714287,4885.606569918094,2081.641879357143,177946.7185714286,3972.8540626373924,1,0
2024-10-27,90664.41,22666.1025,4,666.6623079999999,166.66557699999998,293.9572048762827,31.73254,0.0,67737.75,2.5,634.929768,True,0.7003076157447007,Greed,4,4.0,4.0,4.0,4618.678145999999,242851.22,7471.214133627965,2387.157971285714,198445.24714285714,4864.364182894069,1494.5943672857143,149501.02,3464.9196324897,1,0
2024-10-28,121495.25,9345.788461538461,13,167.28016200000002,12.867704769230771,44.454488070634156,42.27334,0.0,52838.49888384615,30124.33548119336,125.00682200000003,True,0.10289029571114922,Greed,4,4.0,4.0,4.0,4689.9348469999995,213347.6133333333,7405.200856179673,2411.0551372857144,201516.44571428568,4851.074970378945,1467.860471,146771.15214285714,3474.2697890149807,1,0
2024-10-29,613267.8099999999,11571.09075471698,53,801.170876,15.11643162264151,99.68468397007351,214.643714,0.05660377358490566,51081.13156396226,32070.40337636996,586.5271620000001,True,0.09563964591586832,Greed,4,4.0,4.0,4.0,545.037782,275142.49,333.98915149659996,2469.9144342857144,263919.2957142857,4824.882894675731,1525.0869621428571,186290.10857142857,3454.7756225140583,1,0
2024-10-30,11830.85,473.23400000000004,25,9.150023,0.36600091999999995,1.0256853979943898,3.596988,0.32,646.6885008,1173.289529395265,5.5530349999999995,True,0.04693690647755655,Extreme Greed,5,4.0,4.0,4.0,325.86702033333336,248864.6366666666,419.14985580786936,2119.0907855714286,219306.84714285718,4913.769183896623,1389.0534223571428,182712.59642857144,3475.7313043222366,1,0
2024-10-31,896173.36,18670.278333333332,48,1214.043811,25.292579395833332,33.00414935089389,312.710928,0.875,42753.894183125,34785.39067564603,901.332883,True,0.10057572822740458,Extreme Greed,5,5.0,4.0,4.0,674.7882366666666,507090.6733333333,612.3084914762406,2292.525615714286,338760.13285714283,4847.486846160818,1392.1832605714285,240926.88214285715,3475.538819456349,1,0
2024-11-01,260981.03,11347.001304347827,23,1040.475736,45.238075478260875,154.1983753462747,90.654875,0.5652173913043478,27379.532136956524,34916.24329270276,949.8208610000001,True,0.36394249076264285,Greed,4,5.0,4.0,4.0,754.5565233333333,389661.7466666666,651.3482994675044,2447.806426714286,346042.27,4776.969446505813,1450.8257505714284,253837.72928571425,3461.1262421058336,1,0
2024-11-02,40000.0,20000.0,2,0.0,0.0,0.0,13.999997,1.0,68880.0,0.0,-13.999997,False,-0.0349999925,Greed,4,4.0,5.0,4.0,751.5065156666666,399051.4633333332,656.584344530015,556.968988,290630.38714285713,499.8951120075111,1448.2461105714285,246656.88999999998,3462.275027995809,0,0
2024-11-03,129055.66,21509.27666666667,6,0.0,0.0,0.0,40.404152,1.0,45208.04899166667,35019.27476760649,-40.404152,False,-0.03130753970806085,Greed,4,4.0,5.0,4.0,346.8252453333334,143345.5633333333,600.7189462648892,461.73151542857147,296114.85142857145,537.5967097373548,1424.4447433571427,247280.04928571428,3471.662529970994,0,0
2024-11-04,451811.97,12550.332499999999,36,2799.410474,77.76140205555555,118.94285081013497,158.13418000000001,0.3611111111111111,49681.014294444445,31251.03407730779,2641.276294,True,0.5845963518850552,Greed,4,4.0,4.0,4.0,933.1368246666666,206955.87666666662,1616.2403907361631,837.7501314285715,343302.9542857143,1010.146247718977,1624.4026343571427,272409.7,3463.9178919163855,1,0
2024-11-05,200627.23,20062.723,10,678.4759280000001,67.8475928,93.32108146532121,70.219524,0.5,67511.4,447.3612013177321,608.2564040000001,True,0.30317739222138496,Greed,4,4.0,4.0,4.0,1159.2954673333334,260498.28666666662,1460.3305524910388,820.2222817142857,284354.3,1011.9496283597999,1645.068358,274136.79785714287,3456.837334905187,1,0
2024-11-06,123906.9,8260.46,15,2817.83723,187.85581533333334,309.14971367702964,43.36741,0.4,58370.23423933333,30280.899533449774,2774.4698200000003,True,2.2391568346879795,Greed,4,4.0,4.0,5.0,2098.574544,258782.0333333333,1229.875987938631,1221.4633112857143,300365.1642857143,1179.6835047378236,1670.2770484285716,259836.0057142857,3464.554110203345,1,0
2024-11-07,111335.3,985.2681415929204,113,4493.353136,39.764187044247784,107.40420684370638,26.17844238,0.4690265486725664,1338.6989985840708,10003.089792496958,4467.17469362,True,4.012361482494771,Extreme Greed,5,4.0,4.0,5.0,2663.222098,145289.80999999997,1912.132685592717,1689.936072,188245.44142857144,1708.7451492966327,1991.2308438571429,263502.7871428571,3505.8032307694957,1,0
2024-11-08,270700.44,6941.036923076923,39,-64.41354100000007,-1.6516292564102582,72.4018294193872,93.87825699999999,0.5897435897435898,46749.91446666667,37439.77303993247,-158.29179800000006,False,-0.058474894979853025,Greed,4,5.0,4.0,4.0,2415.5922750000004,168647.54666666663,2305.3546415595442,1532.0947467142855,189633.92857142858,1825.7604151096875,1989.9505867142857,267838.09928571427,3506.6077921162896,0,0
2024-11-09,193384.41,2248.655930232558,86,102.90894,1.196615581395349,2.90992297730476,66.18450299999999,0.6162790697674418,8015.27303244186,23467.205243676726,36.72443700000001,True,0.018990381385965916,Greed,4,4.0,4.0,4.0,1510.6161783333337,191806.7166666666,2584.4804162800247,1546.796023857143,211545.98714285714,1811.728062037532,1051.8825059285714,251088.18714285715,1376.2455512650167,1,0
2024-11-10,413636.7,2390.963583815029,173,991.114334,5.728984589595376,22.471438317729593,142.313546,0.2774566473988439,22619.335545589594,35169.11698739768,848.800788,True,0.20520441924036237,Extreme Greed,5,4.0,5.0,4.0,343.20324433333354,292573.8499999999,567.3101340949291,1688.3837858571428,252200.42142857146,1706.3619177082896,1075.0576506428572,274157.6364285714,1371.9848780583377,1,0
2024-11-11,1570572.42,4210.649919571046,373,6749.630996,18.09552545844504,60.90235280005483,396.91055,0.2520107238605898,6882.198738908847,19334.287999336833,6352.720446,True,0.40448440104404737,Extreme Greed,5,5.0,4.0,4.0,2614.551423333334,725864.5099999999,3608.516247669746,2252.7010032857143,412023.3428571429,2569.782465905093,1545.2255673571428,377663.14857142855,2014.4165995932053,1,0
2024-11-12,1226354.52,7171.663859649123,171,3494.399394,20.435084175438597,80.90406191682668,427.904853,0.5730994152046783,33638.82797450292,42225.76909365375,3066.494541,True,0.25004959748507305,Extreme Greed,5,5.0,4.0,4.0,3745.048241333334,1070187.88,2887.4291627908487,2654.9757841428573,558555.8128571429,2501.784258054241,1737.5990329285717,421455.05642857135,2065.8378928968787,1,0
2024-11-13,515336.37,10736.174375,48,7846.402274,163.46671404166668,358.50791769432567,179.184068,0.3333333333333333,46411.560992520834,44580.583335896874,7667.2182060000005,True,1.4878084785671155,Extreme Greed,5,5.0,5.0,4.0,6030.144221333333,1104087.7699999998,2263.454921369599,3373.3422189999997,614474.3085714286,3185.006008603079,2297.4027651428573,457419.7364285714,2563.3892617491206,1,0
2024-11-14,1008361.81,9166.925545454545,110,4563.509225,41.4864475,89.20897697893908,335.028802,0.7454545454545455,33402.97117528182,43512.339351987874,4228.480423,True,0.4193415876192296,Extreme Greed,5,5.0,5.0,5.0,5301.436964333334,916684.2333333333,2267.9032779729123,3383.364517428571,742620.9528571429,3189.2253388489603,2536.650294714286,465433.1971428571,2610.375144458086,1,0
2024-11-15,1427858.42,9582.942416107382,149,4140.740438,27.790204281879195,61.955774894975356,466.427513,0.610738255033557,47181.7405247651,44561.88123485069,3674.3129249999997,True,0.2573303398666094,Extreme Greed,5,5.0,5.0,4.0,5516.883979000001,983852.1999999998,2028.4661636000112,3984.1008001428568,907929.2357142858,2804.3777012328383,2758.097773428571,548781.5821428571,2605.1838885117727,1,0
2024-11-16,303296.07,1931.822101910828,157,2769.521909,17.640266936305732,44.303347474612096,100.171303,0.49044585987261147,8005.464557764331,25132.33925091309,2669.350606,True,0.8801138128825738,Extreme Greed,5,5.0,5.0,4.0,3824.5905240000006,913172.0999999997,937.8489742937778,4365.045510000001,923630.9014285716,2330.3406500204187,2955.920766928571,567588.4442857143,2481.8716925395215,1,0
2024-11-17,1215987.57,5818.122344497608,209,882.975285,4.224762129186603,17.261524113421817,271.111689,0.3492822966507177,13599.930072669855,31687.337182453637,611.8635959999999,True,0.05031824428928989,Extreme Greed,5,5.0,5.0,5.0,2597.7458773333333,982380.6866666665,1635.6615486758444,4349.597074428571,1038252.4542857142,2356.6450787486397,3018.990430142857,645226.4378571429,2411.1899187205327,1,0
2024-11-18,2084339.58,6024.102832369942,346,4470.815187,12.921431176300578,87.8216130663201,445.104339,0.36127167630057805,13431.133118797688,31036.246699819614,4025.710848,True,0.19314083399020807,Extreme Greed,5,5.0,5.0,5.0,2707.770793666667,1201207.74,1794.7168831822885,4024.051958857143,1111647.7628571428,2114.8415942790307,3138.3764810714283,761835.5528571429,2440.679540826363,1,1
2024-11-19,628031.15,2059.118524590164,305,2958.268991,9.699242593442623,37.73186830724049,201.486933,0.5245901639344263,15993.576337872131,34325.32468494068,2756.782058,True,0.4389562616440283,Extreme Greed,5,5.0,5.0,5.0,2770.6864876666673,1309452.7666666666,1801.2604440400796,3947.4619012857142,1026172.9957142858,2146.68849820831,3301.218842714286,792364.4042857144,2337.8161598389174,1,0
2024-11-20,1999514.1199999999,3635.480218181818,550,4210.0928969999995,7.654714358181818,54.544471794452775,644.057369,0.44363636363636366,9792.793397765454,28143.6849064378,3566.0355279999994,True,0.1783451035594587,Extreme Greed,5,5.0,5.0,5.0,3879.7256916666665,1570628.2833333332,808.58262813911,3427.9891331428566,1238198.3885714286,1330.908484336517,3400.665676071428,926336.3485714287,2345.2724297942377,1,0
2024-11-21,598300.62,1118.3189158878504,535,1692.430891,3.1634222261682243,23.071714613651217,198.628267,0.4392523364485981,7300.062138975701,24131.493956717535,1493.802624,True,0.2496742563963915,Extreme Greed,5,5.0,5.0,5.0,2953.597593,1075281.9633333331,1258.8375036451143,3017.8350854285713,1179618.2185714287,1364.6169483862136,3200.5998014285715,961119.5857142856,2364.2801351408116,1,0
2024-11-22,1646713.62,2425.2041531664213,679,-18105.345617,-26.664721085419732,305.88652723565343,436.439059,0.48159057437407954,9893.695111284242,28365.53451281409,-18541.784676,False,-1.125987205717045,Extreme Greed,5,5.0,5.0,5.0,-4067.6072763333336,1414842.7866666664,12222.038650932227,-160.1772081428566,1210883.2471428572,8014.596975570228,1911.961796,1059406.2414285715,6156.31279861331,0,0
2024-11-23,516245.68,1422.1644077134986,363,2901.531638,7.993200104683195,25.92430088738888,154.621867,0.4132231404958678,4723.455523900826,19498.05920912464,2746.909771,True,0.5320935123369943,Extreme Greed,5,5.0,5.0,5.0,-4503.7943626666665,920419.9733333333,11794.79243341279,-141.31867542857103,1241304.6199999999,8022.790689827381,2111.863417285714,1082467.7607142858,6138.463611263675,1,0
2024-11-24,664952.28,3866.001627906977,172,945.550386,5.497385965116279,24.231829677959688,202.583126,0.5988372093023255,19953.478843476743,39149.77412382678,742.96726,True,0.11173241785109751,Extreme Greed,5,5.0,5.0,5.0,-4752.754531,942637.1933333332,11604.965842129348,-132.3793752857139,1162585.2928571429,8024.156960686444,2108.608849571429,1100418.8735714287,6139.115576974202,1,0
2024-11-25,937410.87,3676.1210588235294,255,5523.740734,21.66172836862745,136.53631849159856,283.779701,0.49411764705882355,14680.957598172548,33938.75057506805,5239.961033,True,0.5589823204205003,Extreme Greed,5,5.0,5.0,5.0,3123.607586,706202.9433333332,2297.1602056975,18.038560000000352,998738.3342857144,8133.946205092339,2021.0452594285712,1055193.0485714285,6076.248315865467,1,0
2024-11-26,1146902.44,3797.6901986754965,302,1094.809359,3.6251965529801327,55.535465040558826,311.298478,0.652317880794702,10192.743361337749,28137.457705000586,783.5108810000002,True,0.06831539054010559,Extreme Greed,5,5.0,5.0,5.0,2521.3668263333334,916421.8633333333,2601.2028700840465,-248.1699588571425,1072862.8042857144,8051.758573355599,1849.6459712142857,1049517.9,6065.324959663566,1,0
2024-11-27,1444242.53,6780.481361502348,213,-2654.495633,-12.462420812206572,56.196623877144376,439.714536,0.3380281690140845,19940.432149488264,38278.91796098914,-3094.210169,False,-0.2142444987408036,Greed,4,5.0,5.0,5.0,1321.3514866666667,1176185.28,4093.8219942171613,-1228.8254631428567,993538.2914285715,7833.341089781495,1099.5818350000002,1115868.34,5914.103272815541,0,0
2024-11-28,1894225.15,5705.497439759036,332,-127075.39958499999,-382.75722766566264,1422.4245637679367,315.582009,0.6234939759036144,4420.7387338072285,17821.35220799935,-127390.981594,False,-6.725229130972102,Extreme Greed,5,4.0,5.0,5.0,-42878.36195299999,1495123.373333333,72940.86770449113,-19624.229816857143,1178670.3671428573,48007.39103849542,-8303.197365714284,1179144.2928571429,34678.46982591606,0,0
2024-11-29,794262.91,2021.0252162849874,393,176844.994152,449.98726247328244,2425.1393783219637,192.45173557,0.37659033078880405,1859.8201062210942,12963.323862846413,176652.54241643,True,22.241066552689713,Extreme Greed,5,5.0,5.0,5.0,15705.032978000003,1377576.863333333,152789.7432762647,8225.818721571428,1056891.6942857143,88503.0414717489,4032.8207567142867,1133887.4707142857,60528.61366179934,1,0
2024-11-30,1732193.7,4643.950938337802,373,37316.69352,100.04475474530831,327.5103351176057,552.3753395,0.2761394101876676,3435.1424477873725,17104.74516000873,36764.3181805,True,2.1224138028270163,Extreme Greed,5,5.0,4.0,5.0,29028.762695666675,1473560.5866666667,152129.61177997195,13142.270418999999,1230598.5542857144,89111.78427592893,6500.475871785716,1235951.587142857,61173.92587536378,1,0
2024-12-01,814711.82,1958.441875,416,40886.364494,98.28453003365385,338.03944268346726,245.38375138,0.34615384615384615,6389.235122030456,23868.612594146103,40640.98074262,True,4.988387273259396,Extreme Greed,5,5.0,5.0,5.0,85016.01738866667,1113722.8099999998,79546.25300896494,18848.10100585714,1251992.7742857144,89478.61926992748,9357.860815285716,1207289.0335714284,61822.181501302926,1,0
2024-12-02,585243.56,2167.568740740741,270,18489.604313,68.48001597407408,379.90364074572494,147.88781359,0.5777777777777777,6137.360651434223,23395.974646335806,18341.71649941,True,3.1340313252502936,Extreme Greed,5,5.0,5.0,5.0,32230.887442333344,1044049.6933333332,12033.402853973976,20700.367231428572,1201683.1585714284,89290.82964368702,10359.202895714287,1100210.7464285714,61850.46206742836,1,0
2024-12-03,1084666.53,2900.177887700535,374,23576.539285,63.03887509358289,229.00768096588675,330.57309170999997,0.45454545454545453,2354.399729529412,14614.148396105858,23245.966193289998,True,2.1431440493780145,Extreme Greed,5,5.0,5.0,5.0,27650.836030666673,828207.3033333332,11741.108854367974,23912.042935142854,1192792.3142857144,88871.44647481873,11831.93648814286,1132827.5592857143,61906.128994876,1,0
2024-12-04,769287.65,2411.5600313479626,319,292891.815021,918.1561599404388,4090.2838520231076,172.60641765,0.30094043887147337,3922.991142316614,19020.163181879107,292719.20860335,True,38.050683460647,Extreme Greed,5,5.0,5.0,4.0,111652.652873,813065.9133333332,156978.325411294,66132.94445714286,1096370.1885714286,133263.46657012033,32452.059497000002,1044954.2400000001,97193.18775323548,1,0
2024-12-05,1256750.79,2756.0324342105264,456,71574.11848800001,156.96078615789474,1402.284112762816,352.76572323,0.42105263157894735,4881.7428253070175,21442.349080329837,71221.35276477001,True,5.667102287221957,Extreme Greed,5,5.0,5.0,5.0,129347.49093133333,1036901.6566666666,143652.3628723054,94511.44703899999,1005302.4228571429,102970.60700310001,37443.60861107143,1091986.395,97286.3606398718,1,0
2024-12-06,3471019.22,8612.950918114144,403,-92624.643895,-229.83782604218362,6326.353243835444,691.99378587,0.5086848635235732,15604.850347196028,35117.0184331323,-93316.63768087,False,-2.6884506182846777,Greed,4,5.0,5.0,5.0,90613.76320466667,1832352.5533333335,193462.1825499383,56015.78446085715,1387696.1814285715,116537.094758178,32120.80159121429,1222293.9378571429,102460.37872695638,0,1
2024-12-07,451733.42,1485.965197368421,304,85906.279067,282.5864442993421,2478.915786497859,108.4520379,0.3618421052631579,1359.7200135328949,11334.961635242154,85797.8270291,True,18.993021820059273,Greed,4,4.0,5.0,5.0,21618.584553333334,1726501.1433333333,99196.71940865346,62957.15382471428,1204773.2842857144,116684.67061081495,38049.71212185715,1217685.9192857144,103039.44869839588,1,0
2024-12-08,932939.72,2221.2850476190474,420,15965.933436,38.014127228571425,232.61343396421137,234.17888346,0.19523809523809524,1787.932218347619,12791.004341189435,15731.75455254,True,1.6862562730783934,Extreme Greed,5,4.0,5.0,5.0,3082.5228693333315,1618564.1199999999,89960.04287620072,59397.092245,1221662.9842857143,117844.67949813344,39122.596625428574,1236827.8792857141,102701.03106800785,1,0
2024-12-09,983949.68,1825.5096103896105,539,6310.967676,11.708659881261596,100.89854795146519,174.77343643,0.8441558441558441,3534.2818935269015,18326.913058245325,6136.19423957,True,0.6236288668308728,Extreme Greed,5,5.0,4.0,5.0,36061.06005966666,789540.9399999998,43436.32102714807,57657.28701114284,1278621.0014285713,118636.5152564709,39178.827121285714,1240152.08,102681.43371334154,1,0
2024-12-10,3150424.08,1973.94992481203,1596,39325.770231,24.640206911654136,141.48990698368283,453.54068535,0.33208020050125314,2885.2128903966163,16284.591066578498,38872.22954565,True,1.2338729186468762,Extreme Greed,5,5.0,4.0,5.0,20534.223781000004,1689104.4933333332,16974.871264418427,59907.177146285714,1573729.222857143,118030.25714884813,41909.61004071428,1383260.7685714287,102097.39976760214,1,1
2024-12-11,2194098.33,1796.9683292383293,1221,319051.554217,261.30348420720725,2003.1396625321522,413.50923006,0.14004914004914004,4356.6742505249795,20185.601678151805,318638.04498694005,True,14.522505241911379,Greed,4,5.0,5.0,5.0,121562.76404133334,2109490.696666667,171825.08833323146,63644.28274571429,1777273.6057142857,126730.06390860006,64888.61360142857,1436821.897142857,124942.9533683517,1,1
2024-12-12,4557189.87,2358.7939285714288,1932,599151.795008,310.1199767122153,1920.807926510415,698.96545151,0.2179089026915114,2265.6843708274846,14642.174841845246,598452.82955649,True,13.13205827775813,Extreme Greed,5,4.0,5.0,5.0,319176.373152,3300570.76,279913.0332607424,139012.52224857145,2248764.902857143,239202.09980397654,116761.98464378572,1627033.662857143,178423.59982639807,1,1
2024-12-13,2880824.64,2455.9459846547315,1173,31935.901745,27.22583268968457,194.07940958725385,453.22737636,0.5763000852514919,4577.503724812446,20825.10883514046,31482.67436864,True,1.0928355003461785,Extreme Greed,5,5.0,5.0,4.0,316713.0836566667,3210704.28,283615.1771784383,156806.88591142857,2164451.3914285717,223196.10867876877,106411.33518614284,1776073.7864285714,178872.6116896508,1,1
2024-12-14,2369561.78,1918.6735060728743,1235,167801.399244,135.87157833522267,647.5595884815575,232.09144503,0.4817813765182186,2159.9074581732793,14571.679126725638,167569.30779897,True,7.071742514304481,Extreme Greed,5,5.0,4.0,4.0,266296.3653323333,3269192.096666666,296157.7470725563,168506.18879385715,2438426.8714285716,220995.8087962442,115731.6713092857,1821600.077857143,178394.3028813019,1,1
2024-12-15,2583269.81,1522.256812021214,1697,97525.315279,57.4692488385386,400.0229746982094,231.33057037999998,0.6664702416028285,1595.8074837011786,12543.628010008499,97293.98470862,True,3.7663113752961017,Extreme Greed,5,5.0,5.0,5.0,99087.538756,2611218.7433333336,67946.21961012119,180157.52905714285,2674188.312857143,213640.8059585889,119777.31065107144,1947925.6485714286,177204.65473714235,1,1
2024-12-16,2740808.97,2597.9231943127966,1055,166774.344133,158.07994704549765,863.2966321796321,402.150056,0.4009478672985782,3014.2459456306633,17496.535312490214,166372.194077,True,6.070185696925823,Extreme Greed,5,5.0,5.0,5.0,144033.6862186667,2564546.853333333,40280.704265771376,203080.86855100002,2925168.2114285715,200055.19659318382,130369.07778107142,2101894.6064285715,175103.98885198648,1,1
2024-12-17,5233597.63,2696.3408706852138,1941,219591.305172,113.13307839876352,546.8152085057872,746.14038598,0.43843379701184954,1052.0018582095724,9394.175304251048,218845.16478602,True,4.181543562530618,Extreme Greed,5,5.0,5.0,5.0,161296.98819466666,3519225.47,61217.05271569304,228833.08782828573,3222764.4328571423,186613.2876705684,144370.1324872857,2398246.8278571432,173739.3795262472,1,1
2024-12-18,3798887.07,2658.423421973408,1429,13682.994673,9.575223703988803,90.0826143121339,691.44797021,0.5003498950314905,5035.001314213366,22416.783716082267,12991.54670279,True,0.34198296667950173,Extreme Greed,5,5.0,5.0,4.0,133349.54799266666,3924431.223333333,106946.11180826226,185209.00789342858,3452019.967142857,197389.58232700074,124426.64531957144,2614646.786428571,171388.41991620883,1,1
2024-12-19,8241709.39,2468.316678646301,3339,62744.004486000005,18.79125621024259,219.82362949794262,1056.23317908,0.35968852949985025,2950.7475688442946,16929.244251413296,61687.77130692,True,0.7484827283739012,Greed,4,5.0,5.0,5.0,98672.76811033335,5758064.696666665,107553.31294208522,108579.32353314289,3978379.8985714284,77803.35216286192,123795.92289085714,3113572.4007142857,171613.9821931866,1,1
2024-12-20,7681274.71,3087.3290635048234,2488,254969.660039,102.47976689670418,462.26198976634464,1210.83830578,0.4537781350482315,1281.1534623320258,10657.925728618677,253758.82173322001,True,3.3036029996799847,Greed,4,4.0,5.0,5.0,110465.553066,6573957.056666666,127525.77531627104,140441.2890037143,4664158.4799999995,86380.7388446035,148624.08745757144,3414304.935714286,162813.30140889224,1,1
2024-12-21,4382875.12,2607.302272456871,1681,150022.163157,89.24578415050566,263.0365857341915,680.39159713,0.3545508625817965,3657.2952470862583,18159.116102874224,149341.77155987002,True,3.407392806570998,Greed,4,4.0,5.0,5.0,155911.94256066668,6768619.739999999,96248.07940558133,137901.3981341429,4951774.671428571,85700.8872550461,153203.79346400002,3695100.771428571,161812.09989236252,1,1
2024-12-22,3087320.22,3988.7858139534887,774,352197.163973,455.03509557235145,1859.8434888414529,333.05684453,0.5788113695090439,1463.3598931589147,9765.339068501175,351864.10712847003,True,11.397071960629662,Greed,4,4.0,4.0,5.0,252396.32905633337,5050490.016666667,101112.06289556753,174283.0908047143,5023781.872857143,114815.00099182616,177220.30993092858,3848985.0928571424,164800.59095465983,1,1
2024-12-23,6771878.26,2885.333728163613,2347,-29430.626577,-12.53967898466127,714.3762237450253,1200.89694657,0.4414145717937793,1741.0217452281254,12295.240380699111,-30631.52352357,False,-0.45233423206237616,Greed,4,4.0,4.0,5.0,157596.23351766667,4747357.866666667,190926.60248480295,146253.8092747143,5599648.914285714,138466.7948930954,174667.33891285714,4262408.562857143,167899.56044345963,0,1
2024-12-24,1767036.11,5227.917485207101,338,14813.780116,43.827751822485205,352.00417886710017,386.78244023,0.34911242603550297,11362.672453045592,30715.154907896496,14426.99767577,True,0.8164517744784513,Greed,4,4.0,4.0,5.0,112526.77250400001,3875411.53,208736.23138085476,116999.87712385715,5104425.839999999,141977.61846182533,172916.48247607143,4163595.136428572,169539.26575676835,1,0
2024-12-25,347889.35,1672.5449519230767,208,756.6570469999998,3.637774264423076,89.4369605189536,66.51878221999999,0.41346153846153844,3392.6270428030766,17860.571353520154,690.1382647799999,True,0.19837866976382,Greed,4,4.0,4.0,5.0,-4620.0631379999995,2962267.9066666667,22606.93966163489,115153.25746300002,4611426.165714285,143619.92831185792,150181.13267821426,4031723.0664285715,169776.6212741551,1,0
2024-12-26,2205242.65,3163.9062410329984,697,60228.639722,86.41124780774749,837.1572532043537,523.35899848,0.5351506456241033,4755.660897423242,20368.202871650596,59705.28072352,True,2.707424542306943,Extreme Greed,5,4.0,4.0,4.0,25266.35896166667,1440056.036666667,31083.29912055016,114793.91963957144,3749073.7742857146,143775.97320166053,111686.62158635714,3863726.8364285715,111107.89166871103,1,1
2024-12-27,347913.0,1338.126923076923,260,2672.811035,10.280042442307693,55.81376867703737,88.5556466,0.5269230769230769,13201.857670753847,32863.24533320561,2584.2553884000004,True,0.742787820058463,Greed,4,5.0,4.0,4.0,21219.369268,967015.0000000001,33796.60186381881,78751.51263900001,2701450.672857143,134075.66390036006,109596.40082135715,3682804.5764285713,112983.04635915029,1,0
2024-12-28,281555.01,1748.7888819875777,161,940.673623,5.842693310559007,29.85731881145236,48.40849263,0.35403726708074534,4138.285644782609,19408.240784673464,892.2651303700001,True,0.3169061457546076,Greed,4,4.0,4.0,4.0,21280.70812666667,944903.5533333337,33741.01519915557,57454.15699128573,2115547.8,132701.21918678336,97677.7775627143,3533661.2357142856,115150.96747180475,1,0
2024-12-29,344628.54,1714.5698507462685,201,2884.067927,14.348596651741294,84.84325152956883,72.1173571,0.34328358208955223,7062.877761626865,24887.987316245813,2811.9505699,True,0.8159366516481775,Greed,4,4.0,5.0,4.0,2165.850861666667,324698.8500000003,1066.2794278605973,7552.286127571445,1723734.7028571428,26866.20829195971,90917.68846614285,3373758.2878571427,117905.67608945402,1,0
2024-12-30,1073865.73,3532.453059210526,304,9009.738137,29.637296503289473,198.72959921857932,284.90632048,0.6019736842105263,12587.64033930592,31860.1840293027,8724.83181652,True,0.8124695269416969,Greed,4,4.0,4.0,4.0,4278.159895666667,566683.0933333336,4211.302630500814,13043.766801000018,909732.9128571429,21424.490278888567,79648.78803785714,3254690.9135714285,117636.8520181203,1,0
2024-12-31,877164.62,2866.551045751634,306,5445.01281,17.794159509803922,108.99687767512427,266.51641113,0.46078431372549017,28739.599964186276,43179.78668312891,5178.49639887,True,0.5903676779473847,Greed,4,4.0,4.0,4.0,5779.6062913333335,765219.6300000004,3076.511576249486,11705.371471571445,782608.4142857142,21587.502954783635,64352.62429771428,2943517.1271428573,111819.30884224425,1,0
2025-01-01,282582.1,2943.5635416666664,96,-9528.065345,-99.25068067708334,989.3224125030252,31.60438221,0.7083333333333334,8822.579264114584,27520.272915650094,-9559.669727210001,False,-3.3829707285811814,Greed,4,4.0,4.0,4.0,1642.2285339999999,744537.4833333337,9836.585569785979,10236.125415571443,773278.8071428572,22774.237662388634,62694.691439285714,2692352.4864285714,112796.17913132525,0,0
2025-01-02,774674.84,2145.9136842105263,361,8716.519087,24.145482235457067,117.65384746788118,176.13969323,0.296398891966759,10094.891613861495,29382.580691575953,8540.379393770001,True,1.10244698198408,Greed,4,4.0,4.0,5.0,1544.4888506666666,644807.186666667,9727.629754578375,2877.251039142874,568911.9771428572,6271.388718042444,58835.58533935714,2158992.8757142858,113714.84484865154,1,0
2025-01-03,771208.99,1518.1279330708662,508,6028.486793,11.867099986220472,63.36348991609002,210.99783681,0.33267716535433073,9803.075828159448,29282.3129011784,5817.48895619,True,0.7543336542523966,Greed,4,4.0,4.0,4.0,1738.9801783333332,609488.6433333335,9849.675909496225,3356.633290285731,629382.8328571429,6380.461560875489,41054.07296464285,1665416.7528571428,99226.74928292641,1,0
2025-01-04,1826029.6199999999,4921.912722371967,371,2553.537968,6.882851665768194,75.44665860042967,233.711971,0.20485175202156333,7797.149899172507,23839.600556082944,2319.825997,True,0.12704207925170458,Greed,4,4.0,4.0,4.0,5766.181282666667,1123971.1500000004,3089.852294837848,3587.042482428588,850022.0628571428,6307.3795482066935,30520.599736857144,1482784.9314285717,94483.29553289339,1,0
2025-01-05,451943.57,1890.977280334728,239,3187.719363,13.337737920502093,59.881873800685874,139.34161097,0.2719665271966527,7824.165539405858,26542.788016363855,3048.37775203,True,0.6745040651933604,Greed,4,4.0,4.0,4.0,3923.2480413333337,1016394.0600000004,1850.5591483776584,3630.4212590000166,865352.7814285714,6302.781585553434,5591.353693285715,1294543.7421428573,18857.650572274943,1,0
2025-01-06,556526.99,971.2512914485166,573,6064.185393,10.583220581151831,104.19079085435088,174.93108825,0.2582897033158813,7217.135723097731,25724.457590235674,5889.254304749999,True,1.058215398457135,Extreme Greed,5,4.0,4.0,4.0,3935.147574666667,944833.3933333335,1870.868256832945,3209.6280098571597,791447.247142857,5973.511298048643,8126.697405428572,850590.08,15948.560884679839,1,0
2025-01-07,1313178.1,2061.504081632653,637,16098.227531,25.271942748822607,79.2581805510636,303.38645263,0.8822605965463108,9068.043705916796,28508.363695284283,15794.84107837,True,1.2027950419192948,Extreme Greed,5,5.0,4.0,4.0,8450.044095666666,773882.8866666671,6777.871834202802,4731.515827142874,853734.887142857,7735.23408480488,8218.443649357143,818171.6507142857,15993.619160199327,1,0
2025-01-08,3177275.18,3058.0126852743024,1039,130117.090554,125.23300342059672,2408.3681940977062,696.91291038,0.7170356111645814,6518.9895779990375,23568.54250315659,129420.17764362,True,4.073307167672521,Greed,4,5.0,4.0,4.0,50759.83449266667,1682326.756666667,68908.28010910493,24680.823812714305,1267262.47,46710.786671348564,17458.474614142855,1020270.6385714285,36091.39418689545,1,1
2025-01-09,1020733.25,1955.427681992337,522,46975.928902,89.99220096168582,658.1149316624325,275.51377943,0.3850574712643678,6362.8980927356315,23500.929758128685,46700.41512257,True,4.575183097304804,Greed,4,4.0,5.0,4.0,64397.082329,1837062.176666667,58972.00794707409,30146.453786285732,1302413.6714285712,46769.802325232995,16511.852412714285,935662.8242857143,35041.844569239234,1,0
2025-01-10,6547449.68,7994.444053724053,819,-10116.875552,-12.352717401709402,816.5240640739952,2094.17917505,0.4468864468864469,31588.405895721615,44043.68926449545,-12211.05472705,False,-0.18650093278838303,Greed,4,4.0,5.0,4.0,55658.71463466666,3581819.3700000006,70519.03564651388,27839.97345128573,2127590.9128571427,48522.6868828937,15598.303370785714,1378486.8728571427,35592.76871395684,0,1
2025-01-11,1658098.71,5859.006042402827,283,2269.080536,8.017952424028268,43.43091035574405,494.64797735,0.5865724381625441,30131.135140431095,44175.35536265214,1774.43255865,True,0.10701609909882867,Greed,4,4.0,4.0,4.0,13042.711295333334,3075427.2133333334,30032.48940580138,27799.336675285733,2103600.782857143,48547.50601148968,15693.189578857142,1476811.4228571428,35552.43519246701,1,0
2025-01-12,2258459.17,3751.59330564784,602,5742.241803,9.538607646179402,150.46366054945935,612.0827527,0.1345514950166113,12893.280709518272,32479.519953455976,5130.1590503,True,0.2271530572013839,Greed,4,4.0,4.0,4.0,-701.8510709999997,3488002.52,8336.529660481196,28164.268452428583,2361674.44,48340.82736272826,15897.344855714286,1613513.6107142859,35481.35770357352,1,1
2025-01-13,2936648.0100000002,7197.666691176471,408,9655.429352,23.66526801960784,77.40018335810606,863.10012478,0.5882352941176471,29317.207596281864,43148.517668516986,8792.32922722,True,0.2994001731661398,Greed,4,4.0,4.0,5.0,5888.917230333333,2284401.9633333334,3695.3582327977756,28677.3033037143,2701691.728571429,48085.5739991737,15943.465656785715,1746569.4878571427,35472.13454725784,1,1
2025-01-14,876581.97,3187.5708,275,16069.512355,58.43459038181818,146.32035377772365,240.59104948,0.33454545454545453,21343.217767563634,39546.67406392093,15828.921305520002,True,1.8057548349437305,Greed,4,4.0,4.0,5.0,10489.06117,2023896.3833333338,5213.859968353586,28673.201135714302,2639320.8528571427,48086.82717837318,16702.35848142857,1746527.8699999999,35343.67074285094,1,0
2025-01-15,1801599.8900000001,6747.565131086143,267,14819.5883,55.50407602996255,189.6085235008543,513.60899482,0.34831460674157305,28411.1857780412,44243.04334875478,14305.979305179999,True,0.7940708358491295,Greed,4,4.0,4.0,4.0,13514.843335666666,1871609.956666667,3400.2771591253904,12202.129385142875,2442795.8114285716,17682.59098898109,18441.47659892857,1855029.140714286,34543.66472518415,1,0
2025-01-16,3049692.96,8220.196657681941,371,20807.709328,56.08546988679245,566.3419882789403,890.56916796,0.30727762803234504,30076.24313476011,45587.68888997698,19917.140160040002,True,0.6530867343458734,Greed,4,4.0,4.0,4.0,17232.269994333332,1909291.6066666667,3158.8609272055705,8463.812303142873,2732647.1985714287,10352.599637908135,19305.133044714283,2017530.435,34432.79258623581,1,1
2025-01-17,1110230.46,4664.8338655462185,238,7006.415608,29.43872104201681,198.25145103146025,351.41464889,0.39915966386554624,8905.736269495797,28618.105924029955,6655.000959110001,True,0.5994251823274603,Greed,4,4.0,4.0,4.0,14211.237745333334,1987174.4366666668,6920.729360732999,10909.996754571444,1955901.5957142855,6558.11495961017,19374.985102928567,2041746.2542857141,34404.76764063827,1,0
2025-01-18,2711629.88,4165.330076804916,651,443.2330819999997,0.6808495883256523,330.24136524302247,815.9342014599999,0.5422427035330261,9620.95311349616,30120.803069543927,-372.70111946000026,True,-0.013744542432169994,Extreme Greed,5,4.0,4.0,4.0,9419.119339333332,2290517.766666667,10394.413291039042,10649.161404000017,2106406.0485714287,6981.698624034991,19224.249039642855,2105003.415714286,34488.65646857944,1,1
2025-01-19,9715215.3,6199.8821314613915,1567,87923.799302,56.10963580216975,604.713913705048,2162.35563971,0.5366943203573707,6104.771320986599,24014.658255692957,85761.44366229,True,0.8827539175821455,Extreme Greed,5,5.0,4.0,4.0,31791.149330666667,4512358.546666667,48722.93747118115,22389.383903857157,3171656.924285714,29650.538853828555,25276.826178142855,2766665.682142857,38643.003931486346,1,1
2025-01-20,8287327.01,6302.149817490495,1315,87277.239173,66.37052408593155,569.11572956866,2207.65981966,0.5741444866920152,16330.118057409887,37843.0859029197,85069.57935334,True,1.0265020223129822,Extreme Greed,5,5.0,4.0,4.0,58548.090519,6904724.063333333,50321.32106106446,33478.21387828573,3936039.6385714286,37555.45197309871,31077.758590999998,3318865.6835714285,41525.225879633595,1,1
2025-01-21,1523729.82,2874.961924528302,530,11077.839421,20.901583813207548,111.25104651632293,398.3042653,0.27358490566037735,19761.02999872815,40747.62587620388,10679.535155700001,True,0.7008811546196557,Extreme Greed,5,5.0,5.0,4.0,62092.959298666676,6508757.376666666,44181.57253991402,32765.117744857158,4028489.3314285716,37986.01975695254,30719.15944028571,3333905.092142857,41685.901606516454,1,0
2025-01-22,1778406.43,2137.5077283653845,832,20524.408057,24.66875968389423,156.5100803482523,471.17013976,0.35697115384615385,8344.303495522838,28395.354969929434,20053.23791724,True,1.1275958959077763,Extreme Greed,5,5.0,5.0,4.0,39626.49555033333,3863154.42,41536.182306436815,33580.091995857154,4025175.98,37596.03225353076,22891.1106905,3233985.895714286,30326.904139090053,1,0
2025-01-23,3697028.66,3035.3273070607556,1218,101256.24216,83.13320374384236,341.1383231952165,1088.34986968,0.4605911330049261,6983.956473275615,25921.80074561635,100167.89229032,True,2.709416169100512,Greed,4,5.0,5.0,4.0,44286.16321266667,2333054.97,49563.1096300239,45072.73954328573,4117652.5085714282,44671.263611205104,26768.27592321429,3425149.8535714285,36487.02204384721,1,1
2025-01-24,1611433.45,1843.7453661327231,874,10602.779738,12.131326931350113,80.89983729393776,338.6436011,0.4096109839816934,5079.286193251716,22454.277335346196,10264.136136899999,True,0.6369568744461646,Greed,4,4.0,5.0,4.0,44127.809985,2362289.513333333,49722.761379526535,45586.50584757144,4189252.935714286,44178.45662019486,28248.251301071432,3072577.2657142854,35275.923797601325,1,0
2025-01-25,1239377.7,2449.363043478261,506,-10348.016255999999,-20.450625011857706,490.2783467561706,318.93376206,0.6225296442687747,3985.267088405138,20082.837208004497,-10666.950018059999,False,-0.860669836003988,Greed,4,4.0,5.0,5.0,33837.00188066666,2182613.27,59319.047809936004,44044.89879928574,3978931.195714286,46160.11264606327,27347.030101642857,3042668.6221428565,36141.24445268803,0,0
2025-01-26,1201173.66,2663.3562305986693,451,40823.466668,90.51766445232816,461.7192943559634,382.25815423,0.3902439024390244,18.065921855875832,56.964853356212096,40441.20851377,True,3.3668078031090025,Greed,4,4.0,4.0,5.0,13692.743383333334,1350661.6033333333,25725.30024426304,37316.279851571446,2762639.532857143,41937.72272077593,29852.83187771429,2967148.228571429,35742.02980244018,1,0
2025-01-27,1508028.31,1950.8775032341528,773,41331.765392,53.469295461837,353.4714697323709,406.25916743,0.6597671410090556,11661.276710637774,32042.793496644998,40925.50622457,True,2.713842038188925,Greed,4,4.0,4.0,5.0,23935.738601333334,1316193.2233333334,29691.690373512953,30752.640740000013,1794168.2899999998,35988.63867279835,32115.42730914286,2865103.964285714,35365.74302889074,1,0
2025-01-28,579412.17,1163.4782530120483,498,17979.613973,36.103642516064255,81.72678441252614,124.71028463,0.3152610441767068,6429.960821865462,24279.74382364756,17854.90368837,True,3.081554826224999,Greed,4,4.0,4.0,5.0,33378.282011,1096204.7133333334,13338.059263125851,31738.608533142873,1659265.7685714285,35450.294214933274,32251.863138999997,2843877.55,35302.70676642588,1,0
2025-01-29,1897513.41,2085.1795714285713,910,23421.01147,25.737375241758244,91.52029500857424,612.52114509,0.48131868131868133,581.4878012956043,7607.830150890976,22808.490324910003,True,1.2020199807130747,Greed,4,4.0,4.0,5.0,27577.463611666666,1328317.9633333331,12218.339280708777,32152.409020714305,1676281.0514285713,35314.22204587709,32866.25050828572,2850728.5157142854,35049.93086227702,1,0
2025-01-30,3014397.17,2825.114498594189,1067,23097.471385,21.64711470009372,113.20284838153209,874.65111573,0.25023430178069356,8261.57404625867,28204.317496879,22222.82026927,True,0.7372227021189116,Greed,4,4.0,4.0,4.0,21499.365609333334,1830440.9166666667,3052.483944726945,20986.870338571443,1578762.267142857,17872.385752143407,33029.80494092857,2848207.387857143,34994.63214253115,1,1
2025-01-31,2783411.48,2739.578228346457,1016,35868.296773,35.303441705708664,134.44285309446968,670.93805151,0.31791338582677164,6716.441229059054,25646.50854115892,35197.35872149,True,1.2645402583986614,Extreme Greed,5,4.0,4.0,4.0,27462.259876,2565107.353333333,7281.6386742274935,24596.229915000014,1746187.7,17976.689601162416,35091.36788128572,2967720.3178571425,34184.40409488689,1,1
2025-02-01,1363746.44,2151.019621451104,634,32300.205017,50.946695610410096,446.4149984530011,285.47738189,0.555205047318612,4211.306208217666,20271.120413807046,32014.72763511,True,2.3475571921646963,Greed,4,5.0,4.0,4.0,30421.991058333337,2387185.03,6589.3293307175545,30688.832954000016,1763954.6628571427,9286.014784576171,37366.865876642856,2871442.929285714,32729.9699786955,1,0
2025-02-02,5661092.29,4291.957763457164,1319,162854.759623,123.46835452843062,1386.063749537317,1184.12208921,0.6315390447308568,5409.088864621683,22207.067687737403,161670.63753379,True,2.855820559918658,Greed,4,4.0,4.0,4.0,77007.75380433333,3269416.7366666663,74367.09034053641,48121.8748047143,2401085.895714286,51243.089221951726,42719.07732814286,2581862.714285714,45333.31579118342,1,1
2025-02-03,22592901.37,9492.815701680673,2380,348871.326269,146.58459086932774,1292.2669438694834,2991.56562406,0.4584033613445378,4859.416197735714,18879.794597895165,345879.76064494,True,1.5309222794386945,Fear,2,4.0,5.0,4.0,181342.09696966666,9872580.033333333,159093.22717926823,92056.09778714286,5413210.618571429,124262.98757393344,61404.36926357143,3603689.4542857143,93468.3128645468,1,1
2025-02-04,15678409.27,6241.404964171974,2512,416876.88812,165.9541752070064,2184.1682347008123,3853.77856394,0.455015923566879,15703.124947818073,35955.83339655142,413023.10955606,True,2.634343206911705,Greed,4,2.0,4.0,4.0,309534.32467066665,14644134.31,131500.41905863676,149041.42266528573,7570210.204285714,168294.2215797083,90390.01559921428,4614737.986428572,131745.04398031934,1,1
2025-02-05,8743231.51,6741.1191287586735,1297,56706.235562,43.721075992289904,444.31734690264386,1335.74961667,0.5312259059367772,21926.164488164224,40574.009588569235,55370.48594533,True,0.6332954340966548,Greed,4,4.0,4.0,4.0,274151.48331700003,15671514.049999999,191358.34431529912,153796.4546784286,8548169.932857143,164582.6524197512,92974.43184957143,5112225.492142857,130619.15308703709,1,1
2025-02-06,2818508.87,1655.0257604227834,1703,33803.799733,19.84955944392249,609.1348918969087,709.13035861,0.6829125073399882,2869.875065266001,16388.872094558265,33094.66937439,True,1.174190712211241,Greed,4,4.0,2.0,4.0,169128.9744716667,9080049.883333331,214861.35513291336,155325.93015671428,8520185.89,163209.64779763573,88156.40024764287,5049474.0785714295,131531.01661558737,1,1
2025-02-07,3460263.54,2270.5141338582675,1524,22450.002091,14.730972500656167,94.68612173896997,738.0892383400001,0.6279527559055118,23967.33330591798,42160.236867398744,21711.91285266,True,0.6274641397013362,Fear,2,4.0,4.0,5.0,37653.34579533335,5007334.639999999,17449.545454523,153409.0309164286,8616879.041428572,164916.39264193585,89002.63041571427,5181533.370714285,131030.83886647907,1,1
2025-02-08,839734.97,1460.4086434782607,575,586.703253,1.0203534834782608,11.464135616658202,109.97628618,0.7843478260869565,17096.856943027826,36915.44632024426,476.72696682000003,True,0.056771122300646834,Fear,2,2.0,4.0,4.0,18946.835025666685,2372835.793333332,16883.364867708206,148878.5306644286,8542020.26,169178.47453018933,89783.68180921428,5152987.461428571,130424.2586410083,1,0
2025-02-09,2920919.7,3823.19332460733,764,150551.829492,197.05736844502616,2082.4614891202827,427.36182496,0.5602094240837696,1661.4545370450262,10422.804223315916,150124.46766703998,True,5.139630085244725,Fear,2,2.0,4.0,4.0,57862.84494533335,2406972.7366666654,81011.95498961318,147120.96921714288,8150567.032857143,169072.95233298384,97621.42201092855,5275826.464285715,130552.6645434958,1,1
2025-02-10,3624958.44,4077.5685489313837,889,63908.49465,71.88807047244094,921.8916254848083,491.3623421,0.4049493813273341,34318.415525228345,46369.496059926416,63417.1323079,True,1.7494581898682402,Fear,2,2.0,2.0,2.0,71682.34246500002,2461871.036666665,75284.19026832869,106411.99327157145,5440860.899999999,144991.11671571722,99234.04552935714,5427035.759285714,129941.88201378006,1,1
2025-02-11,2797544.17,3298.990766509434,848,-6093.784817,-7.186067001179245,127.34220698976809,476.43012785,0.4268867924528302,19989.86707794811,39253.670814260346,-6570.2149448499995,False,-0.2348565222064036,Greed,4,2.0,2.0,4.0,69455.51310833335,3114474.103333332,78469.98904609229,45987.611423428585,3600737.314285714,52987.26462837125,97514.51704435714,5585473.759285714,131252.51042863753,0,1
2025-02-12,4143974.54,4019.3739476236665,1031,19848.635032,19.251828353055284,351.50279374147897,1099.15503114,0.3937924345295829,20122.266069995152,38646.337026968,18749.48000086,True,0.4524516215019989,Fear,2,4.0,2.0,4.0,25887.781621666694,3522159.049999999,35389.73369909184,40722.23991914287,2943700.604285714,53572.675716579855,97259.34729878571,5745935.268571429,131411.01391545072,1,1
2025-02-13,3199852.21,2335.6585474452554,1370,27829.534238,20.313528640875912,115.2749060467816,823.48748402,0.43284671532846714,19088.377477377373,38525.25246862051,27006.04675398,True,0.8439779396555318,Greed,4,2.0,2.0,4.0,13861.461484333362,3380456.973333332,17736.47595336441,39868.773419857156,2998178.2242857143,53748.562322348786,97597.3517882857,5759182.0571428565,131211.5218797036,1,1
2025-02-14,4007103.42,2421.210525679758,1655,213860.675308,129.22095184773414,532.3132229110405,961.57771575,0.3214501510574018,20052.512642015045,39228.23154673595,212899.09759225,True,5.3130422471664085,Greed,4,4.0,4.0,2.0,87179.61485933336,3783643.3899999987,109781.56491566863,67213.15530800002,3076298.207142857,83734.90858303005,110311.09311221428,5846588.624285714,133375.62926570265,1,1
2025-02-15,1712852.95,1837.8250536480687,932,45042.92701,48.32932082618026,338.46361083281846,374.08731802,0.6148068669527897,11469.872673227468,31470.532986673592,44668.83969198,True,2.607861912021111,Greed,4,4.0,2.0,2.0,95577.71218533337,2973269.5266666654,102796.9831585023,73564.04441614287,3201029.347142857,79413.79797674868,111221.28754028572,5871524.803571428,132844.73202741778,1,0
2025-02-16,806177.64,1183.8144493392072,681,2369.478425,3.4794103157121876,12.19814466020818,171.57200528,0.5066079295154186,3744.413148171806,18647.60245101412,2197.9064197199996,True,0.2726330166785573,Greed,4,4.0,4.0,2.0,87091.02691433336,2175378.0033333325,111839.90172976992,52395.13712085716,2898923.3385714283,75104.36802410048,99758.053169,5524745.185714287,134953.9571835559,1,0
2025-02-17,2031044.64,2158.3896280552603,941,1818.573295,1.9325964877789585,33.8310065066735,253.48675564,0.6620616365568545,4732.56718405526,20749.367553082866,1565.08653936,True,0.0770582048536363,Greed,4,4.0,4.0,2.0,16410.326243333362,1516691.7433333322,24798.089525467185,43525.14835585716,2671221.367142857,77156.43317291146,74968.5708137143,4056041.1335714287,116253.99184567507,1,1
2025-02-18,3371128.68,2011.413293556086,1676,91204.672403,54.418062292959426,402.7229620509518,609.53940291,0.6270883054892601,6687.4516690757755,24340.274303701626,90595.13300009,True,2.6873828204057166,Greed,4,4.0,4.0,4.0,31797.5747076667,2069450.3199999987,51448.793149623576,57424.9279587143,2753162.011428572,75473.57424168331,51706.26969107143,3176949.6628571427,62929.32938745983,1,1
2025-02-19,3263930.24,2398.185334313005,1361,14985.794701,11.010870463629685,61.23254296974973,688.4874495,0.6348273328434975,18063.043201803306,37500.93674280039,14297.3072515,True,0.4380396086988672,Fear,2,4.0,4.0,2.0,36003.01346633337,2888701.1866666656,48257.240823618784,56730.23648285716,2627441.3971428573,75898.27240097398,48726.23820100001,2785571.000714286,63657.96334272053,1,1
2025-02-20,4628609.29,2300.5016351888667,2012,46008.794102,22.867193887673956,157.96383053076914,1232.46402475,0.39165009940357853,16106.864259217198,35998.54843899887,44776.33007725,True,0.9673819342234867,Greed,4,2.0,4.0,4.0,50733.0870686667,3754556.069999999,38328.42988649952,59327.27360628574,2831549.5514285713,75050.84170575255,49598.02351307143,2914863.887857143,63521.308997627,1,1
2025-02-21,3972159.88,2120.747399893219,1873,119693.49395,63.904695114789114,366.09286225427314,829.71831377,0.397223705285638,15982.61099378804,36123.38402905308,118863.77563623,True,2.9924217359606886,Greed,4,4.0,4.0,4.0,60229.360917666694,3954899.8033333323,53782.840766585745,45874.81912657145,2826557.617142857,45263.12266594177,56543.987217285714,2951427.912142857,65606.84016974116,1,1
2025-02-22,3175570.2,4629.111078717201,686,25278.704178,36.849423,176.9982164477057,880.16463397,0.5247813411078717,16330.238533271136,35714.43054380472,24398.53954403,True,0.7683199553903737,Greed,4,4.0,2.0,4.0,63660.33074333336,3925446.4566666656,49620.76874931522,43051.358722000026,3035517.2242857143,45935.110113289935,58307.70156907143,3118273.285714286,64305.81853098205,1,1
2025-02-23,1141310.74,2194.8283461538463,520,10656.934251,20.494104328846156,123.32426355829121,230.00271917,0.5442307692307692,6653.326019425,24083.76474942159,10426.931531830001,True,0.9135926935928074,Greed,4,4.0,4.0,4.0,51876.3774596667,2763013.6066666655,59184.62643074754,44235.28098285716,3083393.381428572,44804.72016724361,48315.20905185714,2991158.36,59563.67998657593,1,0
2025-02-24,11223619.59,1998.5077617521367,5616,38470.176242,6.850102607193732,55.56892309267754,2097.96443324,0.5795940170940171,415.2820556340812,5802.105417159856,36372.21180876,True,0.32406846576630993,Greed,4,4.0,4.0,4.0,24801.938223666697,5180166.843333333,13912.749075719046,49471.22426100002,4396618.374285715,41001.8928894396,46498.18630842857,3533919.8707142854,59439.28238012942,1,1
2025-02-25,19414984.36,3108.3868651937237,6246,204762.177034,32.782929400256165,673.7439962496502,3186.61506431,0.6781940441882806,1141.5425229423631,9653.433240771896,201575.56196969,True,1.0382473569486306,Extreme Fear,1,4.0,4.0,4.0,84629.76250900002,10593304.896666666,104963.05003293935,65693.72492257145,6688597.757142857,71435.686633065,61559.32644064286,4720879.884285714,70729.82828102192,1,1
2025-02-26,4946958.13,4206.597049319727,1176,63229.063129,53.76621014370748,406.24323217797456,754.17254667,0.32908163265306123,1021.7923438341836,9197.326338777337,62474.89058233,True,1.2628950749241534,Extreme Fear,1,1.0,4.0,2.0,102153.80546833336,11861854.026666665,89719.61355517128,72585.62041228575,6929030.312857143,67971.3625418059,64657.92844757142,4778235.8549999995,69704.76171455393,1,1
2025-02-27,1999898.43,2247.0768876404495,890,-36525.167517,-41.039514064044944,517.9053830350915,512.14597331,0.45617977528089887,3783.741142521348,17339.754198939718,-37037.31349031,False,-1.8519597262901997,Extreme Fear,1,1.0,4.0,4.0,77155.35754866668,8787280.306666667,121245.00780368526,60795.05446671431,6553500.1899999995,79526.04498248994,60061.1640365,4692524.870714285,74291.35178993335,0,0
2025-02-28,4123660.77,4046.7721000981355,1019,225628.108748,221.4211077016683,3851.3712028844916,878.39826396,0.5201177625122669,2374.567007783121,13004.313560911012,224749.71048404,True,5.450247317119638,Extreme Fear,1,1.0,1.0,4.0,84110.66812000002,3690172.4433333334,132318.23810181458,75928.57086642859,6575143.1742857145,100036.74105308353,60901.694996499995,4700850.395714286,76207.15541899129,1,1
2025-03-01,263824.13,1516.230632183908,174,10596.108968,60.897177977011495,134.45844944800064,37.06354539,0.603448275862069,3119.315583793103,14151.460454216185,10559.045422610001,True,4.002304649923417,Extreme Fear,1,1.0,1.0,4.0,66566.35006633335,2129127.776666667,139751.8729054196,73831.05726500002,6159179.45,101420.10155957489,58441.2079935,4597348.337142857,77306.72798725465,1,0
2025-03-02,6460848.74,12144.452518796992,532,66914.320708,125.77879832330827,523.6453822891723,1931.69694201,0.5150375939849624,9371.077831221804,26982.38944846609,64982.62376599,True,1.005790823791829,Fear,2,1.0,1.0,4.0,101046.17947466667,3616111.2133333334,111505.28269771465,81867.82675885715,6919113.45,97741.97817114892,63051.55387085715,5001253.415714285,75611.59517916114,1,1
2025-03-03,8244590.38,5563.151403508772,1482,616413.032233,415.9332201302294,1682.4075657180047,1040.56404242,0.7213225371120108,3500.2799614203777,15421.663414209781,615372.46819058,True,7.463954421354528,Fear,2,2.0,1.0,4.0,231307.82063633334,4989754.416666667,334697.5548798989,164431.09190042858,6493537.848571429,221155.8037334782,106951.15808071429,5445078.111428572,164035.9875055492,1,1
2025-03-04,11124247.15,4631.24360949209,2402,182075.566585,75.80165136761032,940.9538347121356,2220.33648528,0.7277268942547876,2545.786879941715,14405.01862159367,179855.23009972,True,1.616785636587731,Extreme Fear,1,2.0,1.0,1.0,288467.63984200003,8609895.423333334,289787.27272061305,161190.14755057145,5309146.818571429,220631.87370478132,113441.93623657142,5998872.287857143,165158.98393946863,1,1
2025-03-05,9193654.22,5538.345915662651,1660,269328.365917,162.24600356445782,1724.8671279418056,2321.32151085,0.22590361445783133,3657.355850823494,17510.19887432473,267007.04440615,True,2.9042537169311764,Extreme Fear,1,1.0,2.0,1.0,355938.98824499996,9520830.583333334,229757.06396412384,190632.90509171432,5915817.688571429,219127.02198189558,131609.262752,6422424.000714285,167468.39249457323,1,1
2025-03-06,6765324.96,8901.743368421052,760,16101.125561,21.18569152763158,163.11101162302057,1306.61716326,0.4881578947368421,5795.717284914474,21934.22354229503,14794.50839774,True,0.21868141567792482,Extreme Fear,1,1.0,2.0,1.0,155835.01935433334,9027742.11,128636.82813954368,198150.94696000003,6596592.907142857,210778.24682828938,129473.00071335713,6575046.548571429,168829.54790798287,1,1
2025-03-07,19854275.48,7779.888510971787,2552,150236.061627,58.86993010462382,278.36230520474373,4916.50104687,0.4807993730407524,4468.829034675548,19307.57872350572,145319.56058013,True,0.7319308162441694,Fear,2,1.0,1.0,1.0,145221.85103500003,11937751.553333333,126688.06394240365,187380.65451414287,8843823.58,211066.20739987778,131654.61269028572,7709483.377142857,168890.78062079035,1,1
2025-03-08,892083.51,1686.3582419659735,529,24700.773359,46.69333338185255,218.21981324664878,208.339773,0.5444234404536862,3131.854198517958,16031.43073504946,24492.433586,True,2.7455314789979695,Fear,2,2.0,1.0,1.0,63679.32018233335,9170561.316666668,75083.55747233603,189395.60657,8933574.92,209155.9272421705,131613.3319175,7546377.1850000005,168918.849679492,1,0
2025-03-09,10419697.99,7327.495070323488,1422,19773.457395,13.905384947257385,83.14231057374892,2377.0639268,0.6659634317862166,806.5426083241913,7637.0779200333845,17396.3934682,True,0.16695679169296154,Fear,2,2.0,1.0,2.0,64903.43079366668,10388685.66,73941.28092179465,182661.19752528574,9499124.812857142,214448.81038422624,132264.51214207144,8209119.131428571,168433.57101853366,1,1
2025-03-10,16811790.68,5775.263029886637,2911,-10010.027269999999,-3.438690233596702,598.2310344559482,3488.37247123,0.539333562349708,2998.767983825833,15340.350084664116,-13498.399741229998,False,-0.08029126699327901,Extreme Fear,1,2.0,2.0,2.0,11488.06782800002,9374524.06,18780.1938297848,93172.18902485716,10723010.569999998,107124.01061879772,128801.64046264287,8608274.209285714,170989.21882184167,0,1
2025-03-11,14016952.09,4265.657970176507,3286,-76880.729036,-23.3964482763238,284.15739785646804,2441.08024204,0.6451612903225806,2341.3900885374314,13460.923696539638,-79321.80927804,False,-0.5658991253500104,Extreme Fear,1,1.0,2.0,1.0,-22372.432970333317,13749480.253333332,49498.78528493787,56178.43250757144,11136254.132857144,115677.5260202023,108684.29002907142,8222700.475714286,177797.2902278529,0,1
2025-03-12,18618139.15,4692.071358366935,3968,288105.984215,72.60735489289314,541.1021890156194,3658.41357197,0.41507056451612906,4000.6491172159776,17749.264690374584,284447.57064303,True,1.5277980702117053,Fear,2,1.0,2.0,1.0,67071.74263633335,16482293.973333335,194319.3882538787,58860.94940728573,12482609.122857142,121514.65207062126,124746.92724949999,9199213.405714285,183443.18836550674,1,1
2025-03-13,3285591.22,3415.375488565489,962,14114.870873,14.672422944906446,114.25301264822082,809.18670717,0.4864864864864865,5443.617843656964,20500.81821243844,13305.68416583,True,0.4049707731392708,Fear,2,2.0,1.0,1.0,75113.37535066668,11973560.82,189985.3635778975,58577.19873757144,11985504.302857142,121633.4037280316,128364.0728487857,9291048.605,180494.15814238,1,1
2025-03-14,8047187.16,3641.261158371041,2210,68646.160089,31.061610899999998,241.26619975032932,1193.48707492,0.1343891402714932,4004.7944216610863,17702.141181132887,67452.67301407999,True,0.8382142936772455,Fear,2,2.0,1.0,2.0,123622.33839233336,9983639.176666668,145032.9882586273,46921.49851785716,10298777.4,115121.06585245274,117151.076516,9571300.49,178855.6644156225,1,1
2025-03-15,2355749.54,9025.86030651341,261,78694.624572,301.51197154022987,1437.1563922090597,574.332888,0.5900383141762452,23597.128657252873,37895.06270698133,78120.291684,True,3.3161543855803957,Fear,2,2.0,2.0,2.0,53818.55184466668,4562842.640000001,34749.526926873004,54634.90583400002,10507872.547142858,115192.92018444714,122015.256202,9720723.733571429,176647.2423932722,1,1
2025-03-16,10187921.51,19222.49341509434,530,-7910.943544999999,-14.926308575471696,799.610022581558,2442.48300218,0.5735849056603773,50519.7275055283,40953.38009179101,-10353.426547179999,False,-0.10162452210706126,Fear,2,2.0,2.0,2.0,46476.61370533335,6863619.403333333,47368.21399799946,50679.99141400001,10474761.62142857,117049.58095789386,116670.59446964286,9986943.217142856,179550.7247267755,0,1
2025-03-17,3592895.05,3905.320706521739,920,26163.906513,28.439028818478263,130.36244691738273,807.74000798,0.525,9535.147864272825,26520.75498170875,25356.166505020003,True,0.7057307867932296,Fear,2,2.0,2.0,1.0,32315.862513333355,5378855.366666666,43629.30241465752,55847.69624014287,8586347.959999999,114698.4817200654,74509.9426325,9654679.264999999,108366.78611420827,1,1
2025-03-18,4050655.47,4856.901043165468,834,72322.788824,86.71797221103118,1190.357985851897,857.936131,0.4088729016786571,11904.990233124701,28950.334346344727,71464.85269300001,True,1.7642787253145478,Fear,2,2.0,2.0,1.0,30191.91726400002,5943824.010000001,40268.245621366965,77162.48450585715,7162591.3,98665.09232500069,66670.45850671429,9149422.716428572,103862.96421130565,1,1
2025-03-19,4598813.57,2852.8620161290323,1612,29374.682341,18.222507655707197,118.43599190620486,784.4900710184,0.34925558312655086,15006.281201493797,32062.251077063433,28590.1922699816,True,0.6216862639635465,Fear,2,2.0,2.0,2.0,42620.45922600003,4080788.0299999993,25773.019963046972,40200.8699524286,5159830.502857142,33247.029878467576,49530.90967985714,8821219.812857142,86133.05849758022,1,1
2025-03-20,1652257.93,2143.0063942931256,771,10246.859436,13.290349463035021,67.20472187875403,329.235446,0.3086900129701686,2358.06017454345,13983.062886683134,9917.62399,True,0.6002467175327766,Greed,4,2.0,2.0,2.0,37314.77686700002,3433908.9899999998,31790.550139269097,39648.29689000002,4926497.175714286,33780.70458501275,49112.74781378572,8456000.739285713,86321.84279525783,1,0
2025-03-21,2543903.39,3644.560730659026,698,6951.270374,9.958840077363897,54.71326809694039,633.46068283,0.49570200573065903,4097.717261760745,18051.792840520564,6317.8096911699995,True,0.2483510071964643,Fear,2,4.0,2.0,2.0,15524.27071700002,2931658.2966666664,12107.462716527383,30834.741216428596,4140313.78,32993.141057805486,38878.11986714286,7219545.590000001,81784.98363243642,1,1
2025-03-22,971809.42,1816.4662056074767,535,12498.535254,23.361748138317758,90.3328712770384,268.83480197,0.41495327102803736,3803.037827611215,17469.58701641358,12229.70045203,True,1.2584463785121573,Fear,2,2.0,2.0,2.0,9898.888354666686,1722656.9133333329,2789.955164036729,21378.15702814288,3942608.0485714287,25661.070593015203,38006.531431071424,7225240.297857143,82012.39874441881,1,0
2025-03-23,2593519.67,5802.057427293064,447,14047.421585,31.425999071588368,157.7488368670644,597.21601403,0.6487695749440716,5709.453012297539,21221.291477691695,13450.20557097,True,0.5186081959027518,Fear,2,2.0,4.0,2.0,11165.742404333354,2036410.8266666662,3731.0981074568017,24515.066332428592,2857693.5,22649.319834337664,37597.52887321429,6666227.560714287,82124.52463934298,1,1
2025-03-24,3017587.05,2938.254186952288,1027,107878.961301,105.04280555111977,1157.024782283737,531.10535137,0.2074001947419669,3414.229185942551,16683.828268470603,107347.85594963,True,3.557407099478042,Fear,2,2.0,2.0,2.0,44808.306046666694,2194305.3799999994,54626.27964519316,36188.645587857165,2775506.6428571427,38882.00799793579,46018.170914,5680927.301428571,82907.72789579442,1,1
2025-03-25,5372519.77,6792.060391908975,791,32030.90678,40.49419314791403,272.71532758680485,1401.35398577,0.5335018963337548,11769.79868919722,29786.28683714438,30629.55279423,True,0.5701152179144052,Fear,2,2.0,2.0,2.0,51319.09655533335,3661208.8299999996,49800.75461251372,30432.662438714306,2964344.4,35474.29671889451,53797.573472285716,5063467.85,75244.33225458566,1,1
2025-03-26,7597754.37,2449.30830754352,3102,15802.167427,5.094186791424887,91.09493587755279,1796.80351609,0.5074145712443585,1063.4996657601548,9499.05377367415,14005.36391091,True,0.18433557112889398,Greed,4,2.0,2.0,2.0,51904.01183600002,5329287.063333333,49150.1701009662,28493.731736714308,3392764.5142857144,35910.003858561824,34347.30084457143,4276297.508571429,33796.97304991415,1,1
2025-03-27,3240279.46,4127.744535031847,785,58825.359221,74.9367633388535,315.07403347375833,714.0241193,0.6038216560509554,9118.37818057707,26557.68862973206,58111.3351017,True,1.7934050386413276,Fear,2,4.0,2.0,4.0,35552.81114266669,5403517.866666666,21726.748854595964,35433.51742028574,3619624.7328571426,36485.3969931376,37540.90715514286,4273060.954285714,33850.45898673538,1,1
2025-03-28,1483092.61,2037.2151236263737,728,21337.179335,29.30931227335165,149.5584882417023,389.28339505,0.7321428571428571,7612.338172063187,24402.94970797754,20947.89593995,True,1.4124469233212618,Fear,2,2.0,2.0,2.0,31988.235327666684,4107042.146666666,23405.821996995743,37488.64727185717,3468080.3357142853,34988.11370104236,34161.694244142855,3804197.057857143,32853.11526451356,1,0
2025-03-29,3668151.83,1936.7221911298839,1894,12098.872931,6.38800049155227,148.35227843946458,839.84451462,0.5263991552270327,2414.803543719641,13865.264404751648,11259.02841638,True,0.30694008694781866,Fear,2,2.0,4.0,2.0,30753.803829000022,2797174.633333333,24745.620681206852,37431.55265428573,3853272.1085714283,35035.983231504346,29404.854841214285,3897940.0785714285,30656.978473751376,1,1
2025-03-30,2850874.96,5019.146056338028,568,15795.11514,27.8083013028169,221.1953359721309,759.07175327,0.8415492957746479,7603.879054272887,23898.468080644245,15036.04338673,True,0.5274185503642713,Fear,2,2.0,2.0,2.0,16410.389135333353,2667373.133333333,4649.784712282927,37681.22316214287,3890037.15,34847.29119289887,31098.144747285718,3373865.325,29049.916264239026,1,1
2025-03-31,2164772.4699999997,4373.277717171717,495,6978.184557,14.097342539393939,323.1311708660487,482.00163111,0.43232323232323233,8426.110126818183,25090.858841871337,6496.18292589,True,0.30008617607235183,Fear,2,2.0,2.0,2.0,11624.057542666686,2894599.7533333325,4427.601321950989,23266.826484428595,3768206.4957142854,17542.959364542625,29727.73603614286,3271856.569285714,29744.8156395506,1,1
2025-04-01,704445.1900000001,3668.9853645833336,192,-2202.6622420000003,-11.472199177083334,297.0927135926486,162.93599482,0.4791666666666667,11425.36599246875,28721.364354609497,-2365.5982368200002,False,-0.3358101198504883,Fear,2,2.0,2.0,2.0,6856.879151666686,1906697.5399999993,8999.501870885057,18376.316624142877,3101338.6985714287,19369.2139115124,24404.489531428575,3032841.549285714,28162.027368975807,0,0
2025-04-02,3867930.6,3594.7310408921935,1076,202212.740938,187.930056633829,783.0878201791388,1181.2230379,0.11895910780669144,7414.856134767658,24028.23786198537,201031.5179001,True,5.1973920602427555,Fear,2,2.0,2.0,4.0,68996.08775100003,2245716.086666666,115460.29404841208,45006.39855428574,2568506.7314285715,71967.67156215821,36750.0651455,2980635.6228571427,55308.632892859205,1,1
2025-04-03,8670233.15,4960.087614416476,1748,-2365.961276,-1.353524757437071,81.23364439225159,1337.1188527,0.5469107551487414,4420.623526697368,18235.829962477786,-3703.0801287,False,-0.04271027162285711,Extreme Fear,1,2.0,2.0,2.0,65881.37247333337,4414202.9799999995,118066.4566556911,36264.78134042859,3344214.4014285714,73704.74905759546,35849.14938035714,3481919.567142857,55873.38974675548,0,1
2025-04-04,3835545.73,3015.3661399371067,1272,-25515.678949999998,-20.05949602987421,581.2639206142574,836.063409361,0.3922955974842767,4732.811766900943,18982.60437823849,-26351.742359360996,False,-0.6870402340206486,Fear,2,1.0,2.0,2.0,58110.366904000024,5457903.16,125331.95126851188,29571.515871142878,3680279.132857143,77324.78424953965,33530.0815715,3574179.7342857146,57805.45991727903,0,1
2025-04-05,1267564.22,3521.011722222222,360,35907.33771,99.74260475,333.05923440903956,282.060344,0.38333333333333336,10940.511464127778,28130.764409641528,35625.277366,True,2.810530370287669,Fear,2,2.0,2.0,2.0,2675.232494666687,4591114.366666666,31020.267082646966,32972.72512528573,3337338.0457142857,76950.85593172857,35202.13888978572,3595305.077142857,57487.99881313692,1,0
2025-04-06,3551252.06,3388.59929389313,1048,47053.449272,44.89832945801527,464.3283247115555,618.4359126335,0.6469465648854962,4081.8439489007637,17753.419050072687,46435.0133593665,True,1.3075673755291395,Fear,2,2.0,1.0,2.0,19148.36934400002,2884787.3366666664,39079.62203303333,37438.20142985716,3437391.9171428573,76694.43540120356,37559.712296,3663714.5335714286,57229.91919134374,1,1
2025-04-07,14460253.14,5138.682707889126,2814,34527.370305,12.269854408315563,651.4553059500641,2766.5551014029,0.5028429282160626,10523.865138202558,26418.021483688062,31760.815203597096,True,0.21964217981592743,Extreme Fear,1,2.0,2.0,2.0,39162.71909566669,6426356.473333334,6868.318174525711,41373.79939385717,5193889.1557142865,75569.4562633821,32320.31293914286,4481047.8257142855,53535.399860606136,1,1
2025-04-08,8869391.4,9405.505196182397,943,34899.394798,37.00890222481442,299.82321782812363,2274.97769106,0.4559915164369035,31685.96511792683,38537.38890858545,32624.41710694,True,0.3678315189353353,Extreme Fear,1,1.0,2.0,2.0,38826.73812500002,8960298.866666667,7126.9686948947665,46674.0932567143,6360310.042857142,73269.83738278707,32525.20494042857,4730824.370714286,53539.69603812592,1,1
2025-04-09,28556806.47,7198.589984875221,3967,43120.444797,10.86978694151752,768.8032668175019,6111.274358194,0.44466851525081924,13917.529131650617,28979.705344812573,37009.170438805995,True,0.12959842158010743,Extreme Fear,1,1.0,2.0,2.0,37515.73663333335,17295483.669999998,4857.382603396962,23946.62237942859,9887292.31,27127.496469165104,34476.510466857144,6227899.520714285,53380.91022399736,1,1
2025-04-10,28741953.29,13512.90704748472,2127,158261.822261,74.40612236060178,528.5261250033769,6868.556500782,0.5345557122708039,39246.50578036154,40502.816131808824,151393.265760218,True,0.5267326970880969,Fear,2,1.0,1.0,1.0,78760.55395200002,22056050.386666667,68972.7131757643,46893.44859900001,12754680.901428571,54890.389890294784,41579.11496971429,8049447.651428572,62675.88151178864,1,1
2025-04-11,11319327.07,10327.853166058394,1096,126406.479081,115.33437872354014,1053.703425023061,2174.4390780901,0.2846715328467153,18896.037772089418,34521.66742659316,124232.0400029099,True,1.0975214271541487,Extreme Fear,1,2.0,1.0,2.0,109262.91537966668,22872695.61,59454.27262496039,68596.61403200003,13823792.521428572,51412.99762574698,49084.064951571425,8752035.827142859,66254.09450757524,1,1
2025-04-12,55914617.49,26512.383826458037,2109,410419.694533,194.60393292223802,3804.4483148577447,11517.596374457,0.3793266951161688,52901.409214082974,40123.86510023587,398902.098158543,True,0.7134129071523815,Fear,2,1.0,1.0,2.0,231695.998625,31991965.95,155596.6269928123,122098.3792924286,21630514.417142857,136380.06655669626,77535.55220885715,12483926.231428573,115999.8602463784,1,1
2025-04-13,14171154.79,10727.596358819075,1321,48696.021521,36.86299888039364,312.0512492817143,2568.3362202649,0.5594246782740349,32683.551292376986,41348.37171834226,46127.6853007351,True,0.3255040678356397,Fear,2,2.0,2.0,2.0,195174.06504500002,27135033.11666667,190414.65165215146,122333.03247085716,23147643.378571425,136230.7567413273,79885.61695035714,13292517.647857144,114981.63606022691,1,1
2025-04-14,13079972.98,14696.598853932584,890,45680.443063,51.32634052022472,371.3131179694784,2023.157718567,0.5808988764044943,32893.321598730334,41108.20219955828,43657.285344432996,True,0.33377198417143056,Fear,2,2.0,1.0,1.0,168265.38637233336,27721915.08666667,209717.20279685556,123926.3285791429,22950460.49857143,135093.13423277804,82650.06398650001,14072174.827142859,113550.26202685536,1,1
2025-04-15,20752168.24,18348.51303271441,1131,72357.706282,63.976751796640144,509.9926590211078,1866.90475939,0.3041556145004421,63863.56281482317,37058.41095155655,70490.80152261,True,0.33967921186538147,Fear,2,2.0,2.0,1.0,55578.056955333355,16001098.67,14609.616764430279,129277.51593400002,24648000.047142856,131677.64358805574,87975.80459535714,15504155.045,110983.87421985323,1,1
2025-04-16,36502715.9,22700.69396766169,1608,58631.730257,36.46251881654229,398.1610312928065,5997.61790529,0.5192786069651741,48069.123414856964,42048.4964526716,52634.112351710006,True,0.14419231844529687,Fear,2,2.0,2.0,1.0,58889.95986733335,23444952.373333335,13340.506179028498,131493.41385685717,25783129.965714283,130107.2798547421,77720.01811814285,17835211.137857143,106143.92452091482,1,1
2025-04-17,2604551.51,2526.238128031038,1031,5427.919886,5.264713759456837,35.53346284252171,519.20873692,0.33074684772065954,1747.3123040737148,11963.219448216858,4908.71114908,True,0.18846665655232137,Fear,2,2.0,2.0,2.0,45472.45214166669,19953145.216666665,35352.14317606598,109659.99923185715,22049215.425714288,137481.2112917714,78276.72391542858,17401948.16357143,105711.13387892429,1,1
2025-04-18,24610650.46,12994.007634635693,1894,4880.4047439999995,2.576771248152059,859.4371749589807,4667.32793177,0.3986272439281943,15666.24511019377,32984.953144554696,213.07681222999963,True,0.0008657910630046778,Fear,2,2.0,2.0,1.0,22980.018295666687,21239305.956666667,30876.501866922856,92299.13146942858,23947975.91,142592.08806765688,80447.87275071428,18885884.215714283,103708.59028703287,1,1
2025-04-19,32706462.71,11739.577426417804,2786,71950.577495,25.82576363783202,250.8012104737391,6480.62633269,0.35857860732232594,16014.825865230438,33213.65730571021,65469.951162310004,True,0.20017435619013782,Fear,2,2.0,2.0,2.0,27419.63404166669,19973888.226666667,38565.89992260858,43946.40046400001,20632525.22714286,28409.171970068954,83022.3898782143,21131519.822142858,102962.5334837125,1,1
2025-04-20,12126094.05,6118.110015136226,1982,25060.341936,12.643966668012109,302.1540722308167,1887.3296081058,0.5443995963673057,7953.09440782997,23883.95751794863,23173.0123278942,True,0.19110038428156673,Fear,2,2.0,2.0,2.0,33963.77472500002,23147735.74,34410.10541662767,40569.874809000015,20340373.692857143,29145.62328548246,81451.45363992857,21744008.535714287,103718.54201933512,1,1
2025-04-21,42104054.84,24507.598859138536,1718,34369.267906999994,20.005394590803256,542.9010428308851,6356.09106388,0.35157159487776485,41859.99143913446,43072.00260330493,28013.176843119996,True,0.06653320434236827,Fear,2,2.0,2.0,2.0,43793.39577933335,28978870.53333333,24825.07174833939,38953.99264385716,24486671.10142857,29128.61202800577,81440.1606115,23718565.800000004,103724.05265641781,1,1
2025-04-22,33753625.24,11258.714222815212,2998,58652.763578,19.563963835223483,373.4606094578802,5749.685751,0.47364909939959976,15070.37095092762,33271.41999975104,52903.077827,True,0.15673302482575052,Greed,4,2.0,2.0,2.0,39360.79114033335,29327924.709999997,17343.562958203278,36996.143686142874,26344022.10142857,26883.258469962046,83136.82981007143,25496011.074285712,103096.57506249302,1,1
2025-04-23,30682443.79,4981.72492125345,6159,-419020.225731,-68.03380836678032,1461.7777309431785,7342.08084188,0.6848514369215781,12725.948066658386,31725.221942176104,-426362.30657288,False,-1.3895969613471262,Greed,4,4.0,2.0,2.0,-108666.06474866666,35513374.623333335,269048.69627966406,-31239.850026428558,25512554.65714286,172832.30418544888,50126.78191521428,25647842.311428573,169497.18875746426,0,1
2025-04-24,35088918.64,15720.841684587815,2232,50704.395965,22.717023281810036,155.5360185297309,7366.5003199353005,0.5479390681003584,42081.60551729973,46335.46935192112,43337.8956450647,True,0.12350878090515217,Greed,4,4.0,2.0,2.0,-103221.02206266664,33174995.89,273519.0064969763,-24771.782015142842,30153178.532857142,175263.38037102515,42444.10860835714,26101196.979285713,166632.17878270606,1,1
2025-04-25,27749455.78,16787.32957047792,1653,20218.859206,12.231614764670297,77.93985191492679,6299.0932547382,0.41197822141560797,33876.77419571567,44788.00046843077,13919.765951261801,True,0.050162302502863,Greed,4,4.0,4.0,2.0,-116032.32351999998,31173606.070000004,262837.5803657802,-22580.57423485713,30601579.292857144,175790.97951431206,34859.278617285716,27274777.601428572,164924.35237639095,1,1
2025-04-26,11948127.77,10564.215534924844,1131,-4125.753942,-3.6478814694960215,52.04454647609949,2652.30675352,0.5340406719717065,24357.80254500265,41345.92385513583,-6778.06069552,False,-0.05672906103781982,Greed,4,4.0,4.0,2.0,22265.83374300002,24928834.063333333,27472.329957110953,-33448.621582999986,27636102.872857146,171266.09483692606,5248.8894405,24134314.05,124591.61003611573,0,1
2025-04-27,487537.69,1446.6993768545994,337,2702.067468,8.018004356083086,45.32483984864426,55.9267726562,0.6201780415430267,13133.751885486648,32601.2014221725,2646.1406953438,True,0.5427561293453641,Greed,4,4.0,4.0,2.0,6265.057577333352,13395040.413333334,12557.317437289541,-36642.66079271427,25973451.964285713,170198.22352462425,1963.6070081428568,23156912.82857143,123962.6589790354,1,0
2025-04-28,26124921.49,18944.83066715011,1379,36906.813759,26.763461754169686,381.983103446108,6007.2514035301,0.47280638143582304,58469.14186169688,45630.27587227086,30899.562355469898,True,0.1182761922071135,Greed,4,4.0,4.0,2.0,11827.709095000018,12853528.983333334,21985.811432890547,-36280.15424242856,23690718.62857143,170377.28871429956,1336.9192007142851,24088694.865000002,123746.63889510396,1,1
2025-04-29,34089511.66,15198.177289344627,2243,125749.613427,56.06313572313866,420.73601102444695,5149.2952871531,0.49264378065091396,28548.785993098085,43444.646860455854,120600.3181398469,True,0.35377543492756186,Greed,4,4.0,4.0,4.0,55119.49821800002,20233990.28,63513.39266670762,-26694.889978285697,23738702.402857143,178310.9497225887,5150.626853928571,25041362.252142854,126886.6676193177,1,1
2025-04-30,12693878.85,11405.10229110512,1113,14003.797269,12.582028094339623,64.65423825477585,2950.1837728755,0.7529200359389039,35649.303644469,45721.21891665201,11053.6134961245,True,0.08707829676603933,Greed,4,4.0,4.0,4.0,58886.74148500003,24302770.666666668,59026.43284440057,35165.68473600001,21168907.41142857,44194.396115589,1962.9173547857135,23340731.034285717,125997.20167015708,1,1
2025-05-01,10720240.52,8715.642699186992,1230,54536.829297000004,44.338885607317074,972.822640253054,2652.6136779658,0.5577235772357724,12672.104182341463,31890.030734646974,51884.21561903421,True,0.48398368975245915,Greed,4,4.0,4.0,4.0,64763.41333100002,19167877.01,56570.479253385696,35713.17521200002,17687667.68,44442.020960507754,5470.696598428571,23920423.10642857,126782.24200284686,1,1
